Density 0.1,Density 0.2,Density 0.3
-0.031143319920349893,0.023119013000624675,-0.00010818241276262424
-0.024551286421591663,0.027790857633092036,-0.001905170542387641
-0.029088902755006512,0.03146203894664789,-0.0011860938948452123
-0.01625532551212106,0.03037503065361148,0.004038732228001753
-0.014053823397325466,0.020056154961212627,0.006921999105196021
0.001048577980837051,0.03918205772809179,0.0024046618112607636
0.001074291331080748,0.027024117875615147,0.0038307183729579426
-0.007280151364471075,0.017338149059414686,-0.0005892816617465527
-0.012783936602300938,0.02515946222180759,0.0047392894111252205
-0.01301524529621801,0.015340477006502626,0.006449645401865345
-0.00044610623504533334,0.013468848464203537,-0.0020072478708776853
-0.022564203198397713,0.008944402315458722,-0.006774764809568082
-0.009591083704057682,0.003958615539016878,-0.008074525858772707
0.0024527248082047994,-0.006442774603211803,-0.0010945757263309452
0.0171804268300528,-0.007505783644725478,-0.005007877982894881
0.017694838092972464,-0.010224930917512148,-0.008674643294730293
0.04034752391950157,-0.00674069931599736,-0.0026471091841984463
0.031475240921226125,-0.006364190370663668,-0.00031190473532440597
0.05638489516078743,0.00041049851930839487,-0.004010831822063028
0.012329365850455866,-0.0015870390458922604,0.005159260464966188
0.032399002836260925,-0.0050979060806106155,0.0017585683902721862
0.013315154993691132,-0.004153027097665561,0.004625312441905658
-0.0005358670898596852,-0.004199323276078432,-0.0018549823344462119
-0.00012002664085381327,-0.002393800859792746,-0.004172019936575505
0.010883558532402832,-0.0009674921515640286,-0.0038701120102411506
0.021009958827336014,-0.0032128543268239522,-0.0034232590333562645
0.015183295501786447,-0.0030060280461745416,-0.004463785033550038
0.00873895479386873,-0.010191403151634177,-0.004714624206069145
0.008914936881921666,-0.006231459691862896,-0.006494636752569172
0.014723759864876831,-0.003905642814504201,-0.002499492920982407
0.01499703701628358,0.0036429387148097228,-0.0028368895726578127
0.028341677383151964,0.0010006190345903069,-0.005407987658606722
0.019144142102404494,0.005865907496552219,-0.0076350373768315554
0.018425464670505882,0.009370144308672343,-0.00862692589337163
0.019689219102986,0.0037948813699910087,-0.008904966788369693
0.024917044230252518,0.003621512984766847,-0.010809279004062053
0.0323827999957329,0.006458262097619746,-0.00836840634394217
0.0008159301404079935,0.006280848393682463,-0.004707839421340171
-0.013852572219392236,0.010659452489446714,-0.004562513239817351
-0.02088874464497887,0.0031542180182611863,-0.0070811386880421465
-7.136389131769967e-05,0.005883270228011395,-0.007549356355058888
-0.006952141336117546,-0.0012504471756370082,-0.006317411976490564
-0.015249229031192954,-0.0020854710237824146,-0.00761702612272589
-0.008105813020143321,-0.007224542640786795,-0.008925139150395136
0.006284957803694241,-0.007359053117103478,-0.008892342737023684
-0.006198959793853235,-0.013638155933224708,-0.005963825557202648
-0.0006827269771819127,-0.010288451047963219,-0.0028690069429399907
-0.006150719917979441,-0.016376032872966826,-0.005918906911468019
-0.006717558623115999,-0.011992349671490469,-0.009038378193632391
-0.005515312644432471,-0.014017915910128485,-0.007251151781654591
0.008029106178855376,-0.00957944908129613,-0.006736153239098649
0.007711365726667105,-0.00211621861232677,-0.0025386860713554954
0.010387441505837453,-0.0060644620490224645,-0.006068728341580149
-0.00995747119361855,-0.0020860944491450516,-0.00823404267749752
-0.01280095812818127,-0.005806044298744743,-0.008069921556451554
-0.014654870412267054,9.103831134969039e-05,-0.010708328761937244
-0.00979066296201929,-0.0026045546411146343,-0.00925907834242261
-0.023121210293718827,-0.004742274377264693,-0.00850662561165285
-0.02654797988830691,-0.007127314193379225,-0.010138611528561456
-0.026049115371300717,-0.0007021165117879614,-0.009969433640776291
-0.018577276679822317,-0.008622889060078697,-0.007707234768980312
-0.030661030133111358,-0.007462397472005006,-0.005303714767391973
-0.03634274543512998,-0.009210208014752183,-0.002164835410728652
-0.031806436963707135,-0.011814822668826911,-0.0017045970156876076
-0.022633716053303544,-0.01142993978625915,-0.00466803110761413
-0.03266467808039262,-0.012984584169272,-0.007314090870076267
-0.02856030538700216,-0.009352885886877368,-0.0016480203748610906
-0.031300327041423034,-0.005689706443229843,-0.009642966220819017
-0.024397658133969265,-0.00796829133850015,-0.006246479166491852
-0.01971443126266787,-0.011673247762592842,-0.006737718248727894
-0.01328134755615773,-0.009319241997768284,-0.0076270745430026795
-0.013972997004919262,-0.007197029272129769,-0.010319632332838434
-0.004780978118957302,-0.011398997984891643,-0.010912776811708245
-0.007517535211319855,-0.0071066619806330975,-0.009039097451410929
-0.018873622828242998,-0.00829184529325386,-0.010838079945401343
-0.00663399488678037,-0.0022606627534361235,-0.007824064508596388
-0.007503635227872912,-0.0065963203865691995,-0.0044957720749561605
-0.005556366512540237,-0.008559058257622721,-0.008892765386155058
-0.01182569102891815,-0.007982727540036061,-0.008892925444744114
-0.002237697159801652,-0.006739111039093347,-0.00589320666963266
-0.016625016243144976,-0.006947904797167833,-0.006880915414040235
-0.008497939614229136,-0.0011872509701067386,-0.011408769833638067
-0.017864233398642217,-0.0035774221796864925,-0.01062789467421764
-0.01720686329232109,-0.0015711726774249465,-0.009321707125796698
-0.0228124279848572,0.0014541739632261434,-0.008922030211705685
-0.024669154261951435,0.0035491184453244977,-0.004810698826211643
-0.02406698443459913,0.003685751690399159,-0.001272464342140734
-0.022568537235910624,0.0019394158296680989,-0.00419306014539464
-0.024127947334861063,-0.005988055320746263,-0.004833584320827381
-0.0034866705731897833,-0.0033952626599570795,-0.004985763902587739
-0.006585169313071649,-2.9150824018603135e-05,-0.009501851931166275
-0.011867730135519533,-0.0018285081656714732,-0.008747124900689471
-0.00602974290940167,-0.0009964416947899051,-0.008780488896116496
0.0023206373374425647,-0.001939032657129971,-0.008116868930739062
-0.005812179985188721,-0.006566088219520231,-0.006534269765586802
-0.0018195892214963316,-0.007090685942997079,-0.009114525213470677
0.0031428040361270327,-0.003347988372373913,-0.005976961051616325
0.004576038760856872,-0.008577851260496084,-0.004949403703383223
0.006410346090429417,-0.004496443086518808,-0.005229156656631443
-0.012282204841728712,-0.007244782123291153,-0.004599913557399715
-0.009762132681582865,-0.008552872109155443,-0.0018997910466435335
-0.011470619623333256,-0.010503613452772368,-0.0023043395853414193
0.00911025692601941,-0.010645456761123648,-0.0035528468847519593
0.008312567493484647,-0.007367375204209874,-0.004721282236431796
0.0045607222466647465,-0.003899887435985051,-0.00696660985040497
0.0040004508947070775,-0.008130817994216227,-0.008389462529463106
0.0014939856898537388,-0.0053541333432146855,-0.009001010868777762
0.01826111563449255,-0.00362908800411263,-0.008616540063726294
0.03194406030495616,-0.006619834641316706,-0.008835372123371012
0.019179380117033146,-0.0037609168969507637,-0.007581672165144497
0.00622320869358701,-0.0054093215029283005,-0.0058334174496444844
-0.004165893482978397,-0.004572047484150102,-0.005076172568115233
0.0038766082950715108,-0.004996118585685211,-0.005322196319901123
-0.007062154183921067,-0.002115878876688874,-0.007238445359576936
-0.006398268334917499,-0.007996821189854569,-0.00773112933075559
0.007996823650830487,-0.002121749004993572,-0.006398737288827325
0.004259226553502778,-0.004939641217276815,-0.007671166532324656
0.0029546637095922233,-0.006120466650398443,-0.007525404719632479
0.0029546637095922233,-0.005636614614180784,-0.004348481222667082
0.004767909261884362,-0.005876300274900806,-0.002947057312415094
-0.001728334120764245,-0.0059403308158978915,-0.00212616296234112
-0.0014586728895866834,-0.005686740714403904,-0.000818491784404618
-0.005824605357316578,-0.005975960231446828,-0.002318186193708491
-0.00791998041197117,-0.0031920078194815353,-0.006725024384223851
-0.005728512697504408,0.00013648993549442013,-0.0054387332713792405
-0.009452114078718689,-0.0018528002428044987,-0.005008473824930206
-0.00462088947399466,-0.0016305005750811743,-0.003112499046397026
0.0018160989554026567,-0.0040483612645372076,-0.004663978883775007
-0.0021356879114703122,-0.003690922149983259,-0.005075709705654558
-0.011522130848571184,-0.006184450922127231,-0.0028381288274786816
-0.015549654986281792,-0.008317340625966348,-0.00303273613515832
-0.016090983427149225,-0.008176229375551111,-0.0029912741491863576
-0.02053760857931413,-0.006455696630716734,-0.006004540112220259
-0.017732601350825092,-0.001951871172898815,-0.005292959429940972
-0.02220326616971941,-0.0048351449786864726,-0.0075280721362715715
-0.021260499210840948,-0.007138882701180804,-0.0057288667327633006
-0.021472817032177127,-0.005863238512921848,-0.005836674460357945
-0.012060857671929957,-0.009095350792464912,-0.0026421031522570397
-0.003453383683997398,-0.004678337691631098,-0.006582334645364204
-0.003102813787626583,-0.006783623850244002,-0.0053972200737146675
-0.0001048565634319325,-0.004151593079229863,-0.004526904095590089
-0.00013588245561148055,-0.006570077150289309,-0.006810483718333429
-0.003343350653763522,-0.004818600376289989,-0.007103552470280605
-0.0008560954319321367,-0.008439416878340189,-0.003784367600333393
0.004780425312061674,-0.009206800146661639,-0.002167199165492871
0.009968776240999759,-0.008227980595430345,-0.004946391486922506
-0.0009410889376285693,-0.00560846209319042,-0.0019797841333383465
0.0052048541751760265,-0.004421660885024808,0.0001966994752916551
0.011821007962482512,-0.005957215433380583,-0.0034937979058008955
0.004057953735709367,-0.0017362823030614323,0.0015976658229761192
0.010053133223379697,-5.428523974964867e-05,-0.002210420473498055
0.005891036571971542,-0.0036046214846999166,-0.005235202085365268
0.006137436991525028,-0.008627198414664899,-0.0033964045995154733
0.016194065970856476,-0.006316999048413208,-0.005375632825961592
0.022283372204341487,-0.0059310191457853205,-0.007234296496344563
0.015430627541528633,-0.003195463120042106,-0.0061393700900196704
0.010785914929485493,-0.002207701415529638,-0.006399056780123552
0.010630388081879412,-0.0013288875162503948,0.001010936889115438
0.00859396593704874,-0.0024302545804829245,0.0022316084672039994
0.008689495592586097,0.001262428296454925,0.0004250213448442206
0.008265475670678566,0.00026532847667805386,2.9323228386671517e-05
-0.0002451299976613657,-0.0016677639668841399,-0.004277218216290126
-0.005328409539057214,-0.002265714581662882,-0.004866222979057862
0.020261323054483357,-0.0028700235520104822,-0.0021126988128238743
0.01571829707871741,-0.005172396034172647,-1.268649410808228e-06
0.015159814679194122,-0.002762102843554441,-0.0011326489422323462
0.0072757788394973225,-0.004835979847155646,-0.002124956597644458
0.01490566627136383,-0.0027034277397280887,-0.004202413880550505
0.026966265076084864,-0.005678053032767691,-0.005873454156240972
0.01081799140537765,-0.007264872501271899,-0.00649957352184411
0.004033809726018701,-0.007691787365706835,-0.0074282046347362305
0.021631659674087342,-0.004893503282526617,-0.006714607673232266
0.031628508759058,-0.004585442927253029,-0.007605908191103753
0.031628508759058,-0.004570885808177218,-0.007346576544460749
0.03507741312588189,-0.004216288514619065,-0.0037506672512987436
0.01475116056744892,-0.0043129672414091245,-0.002758319015548204
0.02670986571514179,-0.0010912286163452401,-0.005180723834233998
0.026701231541617895,-0.004920476600045274,-0.0014174765479945395
0.015526785984027191,-0.0012652278054203104,-0.001774750162561725
0.025717486753905963,-0.0003234250146127962,-0.004040067292171784
0.033065058767392574,0.003918470441310329,-0.0034360696756596263
0.03728798120772294,-0.0006945146162496027,-0.006432830065598402
0.053563779836966134,0.0005185639907156314,-0.004932262811843557
0.04983893360626534,-0.0033879492590555204,-0.006071414026254725
0.042563939669284866,-0.008752176315221917,-0.007853661268676678
0.043964072748184695,-0.0118198276706109,-0.0072099953255396355
0.036783997122128334,-0.00997725864435772,-0.008437558032642498
0.03816596788850275,-0.014051032953224423,-0.008375904720955585
0.03715096357654286,-0.015039965736926765,-0.00682291008984257
0.04005922695232774,-0.01553198505238408,-0.007837178849308245
0.054009743460932604,-0.014815648336625482,-0.008534352038386846
0.04734568566211927,-0.014076796475418282,-0.007695466368629896
0.04221404904700135,-0.015219796122844109,-0.007700879504161159
0.041352304497615296,-0.011784017266894311,-0.008790247558817074
0.050422260295039545,-0.014010923937403141,-0.007827797143259752
0.04154557515695038,-0.013596991703980299,-0.0072800185082660535
0.021772469126916716,-0.01547692226953738,-0.0035323745895569714
0.030581004870905173,-0.015888308284503834,-0.004802128688968036
0.040270796203209905,-0.014847877537215273,-0.0051709363972861685
0.04923110181147282,-0.01577203643435041,-0.003032928205841885
0.06029181735930138,-0.01549975906274026,-0.004947407292263978
0.06164161047382847,-0.015096414537464692,-0.005028332071848105
0.06339376086533209,-0.013969401148073466,-0.004879241147357675
0.062266799483346846,-0.013817608438576516,-0.006613485758087234
0.06372620408770296,-0.012249208049696972,-0.00455034593131507
0.06952115424355568,-0.010097317096461516,-0.008349050996910757
0.08027914595323106,-0.00815011323481836,-0.0031712869638717096
0.08733155990821953,-0.011224333365103712,-0.0061005271268874325
0.0982521752426207,-0.007109041364452509,-0.006415965921696663
0.10621360693651512,-0.011891070919153772,-0.006943533997842662
0.09618681829678398,-0.00855950824238968,-0.0070502327377743755
0.09908653927771383,-0.011377330673456339,-0.0061125928986382186
0.10250606181325174,-0.01181453556998845,-0.008166864487315873
0.09243938695009678,-0.009384434555114193,-0.008410488590472895
0.09864544225966099,-0.012595914591508566,-0.009364455156219873
0.12017174574785007,-0.013814667550134946,-0.00751949401878577
0.09292237373652434,-0.012739460206311374,-0.008514223424181453
0.10908824455325106,-0.010921776245125223,-0.008377365487906614
0.11743308280158447,-0.0071067217269134035,-0.0073534401566699836
0.13481411253557044,-0.01317975083600527,-0.009512199051360361
0.12966558751208582,-0.0146268879093355,-0.008899454444170542
0.12415031302964556,-0.015372248980036689,-0.00748657328506405
0.11849995371028495,-0.011026342074849921,-0.007242490865463249
0.13245184014220235,-0.011191563170064438,-0.009774517823219957
0.13387686150262074,-0.009197415528290027,-0.009217092151312263
0.1273940424675598,-0.011756665283563741,-0.009061764914703343
0.1390246990429976,-0.007388435201600417,-0.009158155038006538
0.12584356735891972,-0.009642968420251214,-0.009120415595915463
0.13330175473694425,-0.010326721263515132,-0.007164949413729842
0.1259171061308245,-0.010276046468835554,-0.0087686411261813
0.12173999552917464,-0.011802952971732684,-0.008113527056915322
0.12921747956206778,-0.012757458196618233,-0.007930910558233471
0.126846075859962,-0.006374506153936814,-0.005366551268103332
0.1321918199549723,-0.008425514714447016,-0.008047507695364829
0.13489943057115394,-0.006688120222772635,-0.00926279474331868
0.12202307897813507,-0.009692345552661602,-0.008767589168039193
0.14050592506354737,-0.006864837880323951,-0.007189381036936583
0.12730736719028504,-0.012834437045083726,-0.0073322225287526825
0.12280452962327101,-0.010892042282898093,-0.005736858070753144
0.1108716313892668,-0.010489761043975795,-0.004423129556515713
0.1193340085275101,-0.012562613485285428,-0.006841721946120917
0.1108716313892668,-0.010456920926229785,-0.007404415484039637
0.11254680816394885,-0.009528029158396562,-0.006451255552020012
0.12726663405343763,-0.013532683539666062,-0.005610373848335933
0.13043386022785183,-0.014193485554895137,-0.00844422964943853
0.11737971818553966,-0.013011792516761373,-0.008010071914005018
0.1206469861094121,-0.01433807141868229,-0.008083700971141292
0.13065050028895894,-0.013603328036911552,-0.006968412582211407
0.10970449743103579,-0.011984500356168513,-0.008134965156889306
0.11096286517028019,-0.011723799929448568,-0.008786846888544916
0.11513002130451089,-0.009959697024775676,-0.005918980830560782
0.11503146039356979,-0.01383059260829197,-0.003658710916474056
0.10643456888308266,-0.011574063091024359,-0.0012128605494201078
0.1118954631697775,-0.010587030836963331,-0.00246769891147688
0.11885116805429796,-0.01193066882801378,-0.0033112609828275497
0.13643072983300544,-0.010656794424101867,-0.002956335560323057
0.13175737113477207,-0.00864345139623142,-0.005408507560595715
0.13621726503037673,-0.009712986208366792,-0.0057831093371491435
0.1517173720369072,-0.006906657175096623,-0.003775947002369481
0.16491667925592807,-0.009512096745813825,-0.005439048115315723
0.1564185526017886,-0.008925108979447562,-0.003768085481232601
0.15861008838988963,-0.0010439885420898153,-0.006799108977914819
0.1576892347897715,-0.0014850890616247107,-0.006084937177166588
0.16403834356440977,-0.003894473108986677,-0.006080509136367752
0.16557785586110368,-0.0059787729710755,-0.005946114274594446
0.1676507983750939,-0.005525274220503234,-0.006334491041764094
0.18026838619642513,-0.005518599231368327,-0.008494078300589682
0.18054454198022063,-0.009737712776701147,-0.007518336424012089
0.1909875793826811,-0.004306830650765209,-0.005789554656985005
0.19203236543121793,-0.009393781845685378,-0.005075565913642382
0.18466933529205004,-0.009259580877166324,-0.004910218900413968
0.19155879362080666,-0.006030944613746127,-0.008454099009411424
0.2063661967446431,-0.0064984816538727,-0.01068597969784779
0.1961220072215367,-0.005330236429572664,-0.009811997631510494
0.204347705337131,-0.008653367402641127,-0.007377532966794729
0.2109967422272886,-0.0029082721320651665,-0.00480050025991761
0.2126045591879087,-0.005756447498359249,-0.006513520716722939
0.22044731491260872,-0.007257473123532008,-0.0039059094205913625
0.22430294919708038,-0.006470052165256669,-0.006964643140036675
0.23171247623730784,-0.005211624621147764,-0.007124348122562455
0.23067820387938195,-0.007679307987204263,-0.004703530671537981
0.23658911112759665,-0.007064861404427635,-0.005259009437987566
0.23364097388727428,-0.007549356015899224,-0.0007043058117452242
0.21825519406835764,-0.009419257383810506,-0.0015640684366076652
0.22704622996644025,-0.006970460351494287,-0.00511714866510979
0.21943151774176334,-0.00939332924709704,-0.0018594535557481078
0.21140326638956533,-0.009003939165964491,-0.0006734550876365448
0.21631012326914362,-0.006736247668356959,-0.0025291369445062826
0.23014418124927896,-0.007479543761737646,-0.004014111005044006
0.2350610998053104,-0.006073641218335879,-0.005294964247838016
0.24086580169201013,-0.011749652924912205,-0.002239005072819205
0.2305856943664788,-0.010475242861879511,-0.002702053266456268
0.2350009632888523,-0.010558658122014546,-0.00618139970245282
0.226478744092655,-0.008750282740035666,-0.004977354070428743
0.22922378131602186,-0.008975773201922681,-0.006649923511407109
0.22238875264311178,-0.008134115753360538,-0.002849686486658301
0.25315818625732023,-0.005350082670667002,-0.0034228090146066295
0.2765660873286801,-0.005243241653011077,-0.0059788217947758255
0.27158337276974187,-0.007488882587383704,-0.0055859326299393065
0.2616508195197001,-0.004763346158476952,-0.0030166507825809263
0.26371929172614406,-0.0035185229740427306,-0.0019219300876457146
0.26817546382247237,-0.0032416694972315758,-0.0020863802623643474
0.2772139371051486,-0.005382950508895055,-0.00026793399288980166
0.26793898715293596,-0.0008469994146169187,0.005216368993353406
0.2661331513979073,-0.007002956454837772,-0.000899240492790594
0.2702197724738128,-0.002812943981982776,-0.003140678539755448
0.2671659995289087,-0.003571375540957409,-0.00033757782380583104
0.2633659443224028,-0.007292136008445584,-0.004089302260821337
0.26197217599073563,-0.006258343225303961,-0.002941410725221445
0.25812983779546983,-0.003415900738720276,-0.0009279300746445952
0.25173046586454323,-0.004673358688726643,-0.0026963694203049984
0.26194489691205775,-0.0026707226497803614,-0.005834443325277883
0.25154353304760707,-0.0007841936919303766,-0.005691300145816736
0.26300438049795866,0.006090829382835255,-0.0032647212284082354
0.26042676841322887,0.00033030695540426025,-0.0005226173170136665
0.26163438354140317,-0.001768112584238435,-0.0038475089117891046
0.26121314482773467,-0.001173726171421127,-0.003953881299364096
0.2640673090866968,-0.0004282248261994094,-0.002337079680982085
0.27956785421134234,0.00012633501527153113,-0.004643921746531099
0.2829340928191433,0.0022570736809158047,-0.004099200842404107
0.2891310498176698,-0.0007488696028956627,-0.003479806297121844
0.29064504640104116,-0.00011795073530162164,0.0008549084778903363
0.2875038606342474,-0.001127745637285213,-0.0008493022708866168
0.2924596405990633,0.0012908350438342322,-0.0013986683334408121
0.29650184182324246,0.003857080617311034,-0.0019611690018856045
0.3120634388217776,0.0006131935210166704,-0.004068943832159729
0.3108123135996376,0.0008754714504196246,-0.005780202726320544
0.3026505753553001,0.004169425719479443,-0.005837661635240113
0.30982183866479335,0.0038011066324680326,-0.004067460845851332
0.29983105441124375,0.005489980126855892,-0.004621418582497974
0.2987725820077728,0.00654139892744484,-0.005997363912933531
0.3125919748926345,0.0037664570648204753,-0.0057147416976264616
0.30843785474086916,0.00016143951457746854,-0.007096850576298269
0.3168293463637029,-0.004069093797998155,-0.007634892810105549
0.2935219524955072,-0.004755907282017576,-0.005378724346096119
0.3050457245379228,-0.004934008661474383,-0.004105537410408872
0.2957525794580133,-0.0047548692054835,-0.004834056161958174
0.30096707813931395,-0.0042062362870029495,-0.004855412051209767
0.2944934836864657,0.0015533857974230193,-0.00522140608346217
0.3104571079163033,0.0023189681448780217,-0.003876788770882914
0.31483024360023476,0.002628520794901408,-0.0030655228819569834
0.31896113971797835,0.0022302378225844,-0.005739322005856834
0.3064091017741893,-0.0024612799779812175,-0.007086387978199147
0.2936084507547123,-0.004081078764128476,-0.0076695058292727825
0.2916416285304556,-0.005313966783350069,-0.009297913371942508
0.2881760536109861,-0.007941859714708182,-0.008449918782437565
0.2894271788331261,-0.008928709301433121,-0.007234874948810817
0.30699556223305846,-0.0058751313855639805,-0.006330492412359936
0.31910164152406756,-0.00751288405720485,-0.00537019486626906
0.31395911676344096,-0.00834954031467248,-0.003987987710953266
0.3236280495924335,-0.0017113935566480626,-0.0034420608837512916
0.3216612273681768,-0.0038903562608518143,-0.0030733501340243223
0.3220355986437206,-0.003472998839919066,-0.005307990475577264
0.31755780173969705,-0.006665348462685397,-0.00452768461694908
0.32038994446898106,-0.006174803422378321,-0.006922084172191183
0.3221755264634819,-0.0050486240400598415,-0.007060710861326339
0.32133935906912237,-0.007117572888464731,-0.0026938021888830445
0.32080006338100425,-0.005456216336293613,-0.0015547131944916356
0.3149480989299972,-0.004845631677139161,-0.002596829140690767
0.3414683225965489,-0.0045782705242514736,-0.0008063164037436477
0.3549157895627568,-0.006223251904881562,-0.005446020145829668
0.3375512505734386,-0.005912334788626833,-0.0004541307194155533
0.3478633457403356,-0.003916775136615949,-0.004178961152783189
0.35051077719951196,-0.0009801873595169364,-0.00655339407901445
0.32991578562802054,-0.00434597698023074,-0.00484552578454765
0.3282129681944197,-0.0045505919154399405,-0.0018841124046233716
0.30172918301924173,-0.00557196605335551,-0.0012125117878013995
0.30106430491265124,-0.0022054874887280575,-0.006330548159636675
0.2957967392616978,-0.002306626924046465,-0.005730966344429162
0.30723417646040313,0.001499676274719455,-0.007814421259795113
0.3064136082413221,-0.0020614074023437177,-0.00733202545797775
0.30728762058177933,-0.007022857859802247,-0.007687873111579943
0.3208706978243777,-0.006612022125007277,-0.006538281681445965
0.31863231749185683,-0.004965035685596131,-0.004742918956155366
0.3200915881802153,-0.007842973227393354,-0.0074248867268438675
0.3105551792481242,-0.007569529496847323,-0.008819556498478653
0.3088396355045284,-0.007038133080455761,-0.010270982868252168
0.30883963550452836,-0.005546168321441211,-0.0076818745884092085
0.33927021843504074,-0.0033545080554216165,-0.008470117813892964
0.3242826730175197,-0.0015114070147096252,-0.008592247796936995
0.33879648132696655,-0.004148691007523067,-0.008567760872311847
0.3407633035512233,-0.0036541357555288406,-0.009489377879292252
0.33241775417193076,-0.0060419311169887255,-0.009846449368201554
0.3347949771873253,-0.004946056090399352,-0.009235136376953935
0.3150623515802288,-0.006301569646197694,-0.009558149600186402
0.31547581699838617,-0.006897145849163119,-0.009210874811803391
0.3175010616466221,-0.004201584181448629,-0.008108831045994044
0.3175010616466221,0.0001827680816282525,-0.007304285644514379
0.3155714138212023,-0.0007419796559122353,-0.008414063278474654
0.32287516713318665,-0.0017437583507456226,-0.009861005223461651
0.3560830330052434,-0.0004365238217632244,-0.009748434656539424
0.3567309578457986,-0.0011366824371486512,-0.010906847933497412
0.3437977444703799,-0.0016564640914997688,-0.01071773534878052
0.33480493092123753,-0.0016270451972280732,-0.010653996432564561
0.33480493092123753,-0.0029319975538393927,-0.01117014231421647
0.32092422461564246,-0.002605566864808226,-0.010754155321428996
0.3456766776040974,-0.005195235115863977,-0.009719708166227397
0.318518055943162,-0.005127339649366603,-0.007523861247287471
0.318518055943162,-0.00216847712445557,-0.006420371312280201
0.31879864050569395,-0.0013772856409087608,-0.006379173538797107
0.3141614619914726,-0.0024607896190376563,-0.008432352451657339
0.31396316699514154,-0.0037171559460189227,-0.006212125305633228
0.316210449914778,-0.0019811150456492915,-0.007642183606153577
0.3172557554045391,-0.0020160991356025647,-0.008247266529397465
0.31482276105135987,-0.001009538169976989,-0.00476148110614203
0.32346955691273477,3.742965629838302e-05,-0.0042425341262708315
0.32663488875309954,-0.001847986738954884,-0.004376860412227751
0.3269724759838852,-0.000253498500618029,-0.00584294184160436
0.3175092133328615,-0.0019003499871949436,-0.007448147965464344
0.3177416015868809,-0.0013533616739604961,-0.008662085367967937
0.3152764846934637,-0.001874952928773646,-0.006036205486984271
0.32378961731403194,-0.001995041788035804,-0.005443094438898525
0.32535854789739554,0.0027672133147083975,-0.005918922009234691
0.31244485815290307,0.0016993220132921472,-0.008536577814360855
0.3162754397920221,0.0012672983302544148,-0.006610919975801603
0.3146620902198167,-0.0018628507392302567,-0.006363774811952568
0.3176995379561051,8.380850355505708e-05,-0.003935668070045381
0.31541598859963393,0.0013173263847746002,-0.0026044056562980573
0.32586521184720485,-0.0027757347714802236,-0.003381160315920154
0.3283540478813483,-0.002931548079119228,-0.0038680547260303
0.3216062922570213,-0.0027332065547774837,-0.00344046884650401
0.3146916630326702,-0.003830753889331247,-0.004026869640778186
0.32538869922453323,-0.0031202206936695913,-0.004303991588508515
0.3207371015708337,-0.004103148108390955,0.002049720591666831
0.31108347826313354,-0.00216072545421571,0.0028078563515984687
0.3110686320871452,0.0009531684239036096,-0.0008021799942197987
0.3284387192208458,-0.004428232379097794,0.0007590567977326796
0.33025852440461095,-0.0017387361962596475,-0.0029031172173351375
0.3231216072402985,0.004178754425245654,-0.0014549326348169442
0.3146349010624344,7.079626714187274e-05,-0.0026651968743241976
0.3044704252706701,0.0016934831578575237,-0.007817546207278647
0.3217680972362434,-0.00015158741801198035,-0.008362486127309214
0.3220795527481953,0.0012427419638348946,-0.005047854484653652
0.3094953922641682,0.0003659253892516333,-0.00643200094664858
0.310744496681365,0.0025642861284466694,-0.004436970706249093
0.32451296997831197,0.0032826209141526112,-0.005024350994866872
0.32468852359267514,0.007261180795039092,-0.0045123011444404264
0.2965995602814027,0.006152678420811174,-0.0070057375889626804
0.3042554500766413,0.0016328335062490054,-0.004874007161787969
0.3030389529000516,0.0013571838308677063,-0.007349938588645297
0.3119778001256934,9.37643577309087e-05,-0.006281623350783158
0.3179961986679755,-0.000880147900666863,-0.008220790496933502
0.31835652728072916,0.00020725791570840133,-0.007965121354545919
0.3187669750649218,-0.001368101168930204,-0.00780501798017147
0.3113450502738941,-0.0012132140309604842,-0.008236898632092796
0.31957302445731883,-0.0007437526680521561,-0.00921554900702518
0.3316130161455827,-0.0012491337416082396,-0.00930600124755997
0.33282074661443295,0.0012504701690916743,-0.010310964952777349
0.33282074661443295,-0.0013210418960938012,-0.009892159684158162
0.3335894911702385,-0.0031061221196939603,-0.008706092807815471
0.31783403072715727,0.001654326903117369,-0.007985584186001073
0.32200185243471496,-0.0008669110975984545,-0.009021276506825052
0.323933371419151,0.0012495178453428226,-0.00746404653485776
0.323933371419151,-0.00445736135248656,-0.007771440971270115
0.3216532587412028,-0.002388066686024851,-0.008884527633408737
0.29869676130700956,-0.004182777551572221,-0.009972661119430506
0.29085623406436073,-0.005825522166928794,-0.008626401503426508
0.2900687685156211,-0.004205699962605703,-0.0087569845514779
0.31112944866894315,-0.0031894534833338166,-0.009915699671566346
0.3016051540065362,-0.004230045102249805,-0.009192571051249983
0.31765635164887107,-0.006177296504901865,-0.010787001418794307
0.3150175250369259,-0.0052687140531436265,-0.009955371272665202
0.3150175250369259,-0.003168434684584458,-0.01145100761514597
0.3149002395468769,-0.002370178306438633,-0.01091525327018532
0.31948027933205386,0.0005601922078432821,-0.009837413036210042
0.305205351683706,-0.002177901751921734,-0.011052987904166716
0.305205351683706,-0.002033820030483223,-0.012237009770657645
0.2977935761724234,0.0035593418322629466,-0.012889020345478766
0.3046776184094643,0.0032415749367917133,-0.012121081146161618
0.305205351683706,0.003926481328870796,-0.01166029145536314
0.305205351683706,0.00013596178418735812,-0.01159661019592906
0.3046776184094642,-0.0005738943688009036,-0.01085052918323481
0.30485291827693195,0.0007072078046874051,-0.01136806945582755
0.30518136222258424,0.002192521299308396,-0.012633532311116542
0.30548593624623793,0.001906436631657348,-0.012088268311878824
0.3060615289035999,0.002395366062150285,-0.01335006787839415
0.3074575885378565,0.0035365053313082514,-0.012758988177783483
0.321000901907475,0.0028249323168500796,-0.012743082898986553
0.31994242950400403,0.000589364655860346,-0.012516104982946103
0.31827280590147444,0.0015326056425216707,-0.012332896195631736
0.31906226282298833,-0.0003518162851548853,-0.01119474639980539
0.31994242950400403,0.001102061894280406,-0.00933126393114368
0.31918338802629925,0.0021287851177603056,-0.011908576376863395
0.31918338802629925,0.004593929273730027,-0.010631013610449816
0.31971112130054086,0.0032162960507155017,-0.009977113638548226
0.3231675745231891,0.0014694619936111333,-0.010171408673021453
0.33057935003447164,0.0036369493962056603,-0.01021904592630779
0.33708676575300855,0.005689867104640781,-0.009953803111376947
0.33385647763593596,0.0054013324499593025,-0.011165159471845192
0.3300512935704986,0.00279323203319335,-0.01049662211776285
0.3186553315623261,0.005792622836697822,-0.010933322086547714
0.31222874502417014,0.00650022135950175,-0.011801616652753593
0.3236474484143106,0.0061204557802807145,-0.01136800043640847
0.3177836545174473,0.004133206956096755,-0.012299618086370983
0.30450174160536964,0.0036835874845725937,-0.012075646278923045
0.30450174160536964,0.000696789674593294,-0.011587754901201546
0.29657278736637427,-0.002051989744543261,-0.011294243814031138
0.29657278736637427,-0.001097118753564294,-0.011983679300680613
0.2964502502019268,0.000964883054354469,-0.011285313952780563
0.2964502502019268,0.0024721778850551874,-0.010494078184203542
0.3034381261040112,0.0004718242699354072,-0.011352761891338001
0.3034529722799995,0.001094046036354591,-0.012388831641071628
0.30340511289687927,0.0005479610136258715,-0.011149868647995852
0.30446872839823774,0.0022418025119569644,-0.011712984546235676
0.3169535693643853,0.001414945662568499,-0.010319910794397064
0.30340511289687927,0.0026121992705349516,-0.01191318796085023
0.30446872839823774,0.0007784973316071192,-0.010118550352743987
0.3145512003514616,0.0017329434804105638,-0.01168255928913538
0.31331374814150387,-0.0012057279750912401,-0.012365331222669028
0.31391376947717803,-0.0015076851898717645,-0.012039872756427815
0.29677054519470386,0.0020296950380160454,-0.012657389924087476
0.2903254831561546,-0.0003096731106686245,-0.01218130572524555
0.2902081976661055,-0.0016159173579287731,-0.013428681136808436
0.2898456092650331,0.003732661356132698,-0.01141137912385157
0.29904919471378355,0.007917077336820134,-0.00996669950547957
0.2892336142169507,0.0025223249386264733,-0.010786592527061302
0.2944978488535431,0.006822942060049137,-0.01160190945216515
0.3182795334855812,0.003948184694597847,-0.0110060559193028
0.3258085944869128,0.005153935603113161,-0.011210664412185694
0.3188551261429431,0.002224664569446467,-0.010315966323542572
0.3185745415804111,0.001170846541478,-0.010600609207295516
0.3185745415804111,0.003823497032184622,-0.011939648656503722
0.3140678920138619,0.0031542865947521473,-0.011127053653235993
0.3450777344659613,0.00563386232773637,-0.011799792274778525
0.3380165927436863,0.01020118154725844,-0.011989779637291068
0.3057570969274116,0.008238146207920355,-0.012712733633634645
0.32662346795287,0.009925564236686876,-0.012872935237247564
0.32166768798805395,0.007849479104294937,-0.013593498180206798
0.31992579478948496,0.007640568873929554,-0.012792204479738922
0.32235872033477864,0.0007142250250853906,-0.013156819098421327
0.30035998143519393,0.002037921546312926,-0.01313065901783827
0.3087823699668271,0.0035500424951481827,-0.012429472994025142
0.3034839838903608,0.00972448563266595,-0.013148140785468075
0.299716448804608,0.002578223138849177,-0.0135641733758057
0.30776969725822717,0.006359064802155533,-0.013445199703812138
0.3085906531865808,0.007978999733072336,-0.012719023818787565
0.29897270541908927,0.00730866623743297,-0.011996530563603397
0.29897270541908927,0.003942026877378757,-0.012902321512568787
0.30481555034700814,0.005578919420772709,-0.01213054952232686
0.2995324575682047,0.004803995814236613,-0.01086967351511683
0.2995324575682047,0.00048173248399583843,-0.011464738872070992
0.30631389777543727,0.005211865276517071,-0.01237164749972401
0.31603288927417067,0.007226579398247039,-0.011317640794964095
0.31091196443618535,0.008844467089801153,-0.013227030380853393
0.30144870178516164,0.012678979457390036,-0.01405178029647773
0.2962258507766691,0.005695406293786632,-0.014113284456886364
0.3143667996239109,0.0015014951265091244,-0.011170642609362107
0.3194877244618961,0.0036145656622596292,-0.010692141039793877
0.31689902561589656,0.003375491982182227,-0.011428970662359601
0.29614976185057007,0.0020949644919573546,-0.012987197972970974
0.3090930458634067,0.0027220110007743856,-0.011980774890111942
0.31042204438644,0.001520321288520459,-0.011492941448245248
0.3052081109965409,0.002096334110657564,-0.010386054875706652
0.3073879374770872,0.007022845963738293,-0.010560086213227297
0.3141475543887347,0.007554723710303638,-0.011942170435455549
0.2993111657066151,0.005788412095459802,-0.012670219978911296
0.30859361827435394,0.00787788384629725,-0.011874474339598023
0.2968259245799758,0.010026490857792864,-0.0123891257750287
0.29539972067754494,0.007459021080674768,-0.012701268873298666
0.3003025099403301,0.005262654085573996,-0.013039047748631457
0.3003025099403301,0.0028920033295892224,-0.013228148879555061
0.3027663338415744,0.0023521114366658246,-0.011926066857504927
0.2967116567238914,-0.0008755397940111609,-0.012851009043844331
0.2967116567238914,-0.00013172667443152593,-0.011607599217065714
0.30587123696410173,-0.0007479001616564166,-0.01140062648899912
0.31377103531938083,-0.0015742378723618499,-0.012051545890151116
0.3068472826520949,-0.002778015580194951,-0.012275093591865089
0.315822522459122,-0.00231671014562315,-0.011637574578678232
0.31587038184224225,0.005846149598293232,-0.011001215681185391
0.29761827630495574,0.00700322745850131,-0.0112617484979875
0.3164062640693591,0.00822709647088647,-0.011912348099800072
0.3288432456523864,0.013643418628728303,-0.012245838265278872
0.3248765119841126,0.0061572128294579325,-0.011687549069305182
0.3150608159263149,0.00869435572219772,-0.012257139846323895
0.3296450034153239,0.005181043301284798,-0.011333874766518003
0.3199403040400811,0.0061087789318391,-0.012589938316521767
0.2986497533923173,0.004176226682605518,-0.012540294455575413
0.30793771617587334,0.008148528589253709,-0.013163318689313194
0.3074099829016317,0.010695023982840392,-0.013928696038422762
0.3076331421522197,0.010284512879056929,-0.013772019158802632
0.3177976179439839,0.005623976434204759,-0.01366186528141014
0.3171091772313674,0.0027605812347805034,-0.013413093303515573
0.33169336472037636,0.004529091136620619,-0.013144448247885143
0.3318540721587512,0.0037751874026356077,-0.01309696982047932
0.3172698846697422,0.006688785845340945,-0.013296430518139274
0.321095885802906,0.00800451552350266,-0.014087500632710331
0.3065116983138969,0.0011455847234300594,-0.010946237372293176
0.33586352211225773,-0.0005951905195093603,-0.010978154474696187
0.3221595013042644,-0.0016008439467027145,-0.009238140144889587
0.3161879242863495,0.00043458156950581763,-0.01026757587107188
0.3221595013042644,0.0002542428507869617,-0.012079608123671107
0.3062155183857886,-0.001368826856388163,-0.010816126260940738
0.31211231100254916,4.071145280340634e-06,-0.011338083389285648
0.2984663045719745,-0.0009189798672264133,-0.01206433114520755
0.29710650914250775,-0.0005071766029748695,-0.013186498304918044
0.30805518770637685,-0.0015676097196309722,-0.011954355727581287
0.3076814327184647,-0.0008322962617301688,-0.01229171763638536
0.30674325166003025,-0.0011062233107106943,-0.0129009793893944
0.2969163630990517,-0.00044580633873987185,-0.014022063088609276
0.2980502396152251,0.002784775404735498,-0.013592449147371802
0.29653732308241004,0.001918283814571306,-0.013356344092067818
0.3089968030946658,0.0032770402196583867,-0.012881764062075817
0.2970650563566517,0.0014955543955309566,-0.012965739454120918
0.30943697261996594,-0.0004750871620467976,-0.014086733648933645
0.30795989170045013,0.00023235488040189865,-0.01428075761782553
0.30648653701949685,-0.0009078487432026655,-0.014132384843835917
0.3057402019091628,-0.0005811838819204887,-0.013486915639470317
0.3066416901713166,-0.0008929333997950223,-0.014427384871980463
0.3066416901713166,-0.0008134471594543239,-0.014221754454353716
0.3274707365341827,-0.0031561223491688704,-0.013509331842879
0.33722716147935,-0.005163061775403948,-0.013443182000786001
0.3374103464972569,-0.005717352357143727,-0.01163574623342781
0.30699138616456395,-0.004924307228038832,-0.013432030975703606
0.29735428680494097,6.924378622357167e-05,-0.011648451666679402
0.31670888444147316,-0.0006266630728024285,-0.010898647382730227
0.31505651543346674,-0.0020711133468526424,-0.012840892374579617
0.3197998775251264,-0.0010791159962503121,-0.013325808858262771
0.322551729369392,-0.0011042860897148715,-0.01300632507648424
0.32050548198253254,-0.0007615067696376799,-0.013260831330821834
0.31601629178847557,-0.0010127740067202783,-0.014456924695655264
0.3095202791433908,-0.006018121380158511,-0.013339825241545561
0.30738802528165077,-0.006653940793009203,-0.014129714557646151
0.30738802528165077,-0.005058915444343793,-0.013893987645523694
0.30886208856720193,-0.005140435686176191,-0.014081763357500042
0.30828649590984,-0.0061492156029563485,-0.013424990396043437
0.30886208856720193,-0.007624066792441664,-0.011376440647578588
0.30828649590984,-0.0041930816633555905,-0.011292388091988787
0.30881422918408163,-0.0045280634341404126,-0.010998319535314664
0.30881422918408163,-0.004045087790013655,-0.010646521679188569
0.32174040567763085,-0.005428930746203001,-0.010266770683117833
0.3157676975280512,-0.006278278738265697,-0.009619383123071992
0.3115759298858665,-0.00553234562446721,-0.01038967526252507
0.3285104252012577,-0.00804922971370843,-0.012102101987774722
0.3280478264044852,-0.006096304997080612,-0.011893636017904753
0.3081724731964259,-0.005589196502009981,-0.010234631438379388
0.30715671707818765,-0.004766370502568021,-0.012825092903674116
0.30627655039717194,-0.006794728227516074,-0.012625945169817335
0.31415804480527754,-0.005297119567623978,-0.01341315687386761
0.3197908801360352,-0.003775271746933331,-0.012638808113374337
0.3258343113628748,-0.002069993691826266,-0.01276801073416355
0.31103561888001324,-0.007669626243908566,-0.011331961720539364
0.3247279795762836,-0.00953195210783399,-0.01218523377920625
0.3109580438202093,-0.008191542251301042,-0.011126072732716758
0.29594706664826836,-0.008186856123837977,-0.010923255986082323
0.29734083497993546,-0.0091880827266069,-0.01157540518055664
0.29864975339231736,-0.005994894513835369,-0.012166145590535566
0.2967282517864086,-0.00825800124788802,-0.010408872649969435
0.29812202011807565,-0.006516584221611961,-0.01061461146334335
0.29812202011807565,-0.0051399454655148965,-0.009876502952911656
0.2972559850606502,-0.003886841923813667,-0.011601632050592345
0.29759428684383404,-0.0029738397219365525,-0.01170849267827478
0.29771157233388307,-0.002303953401631844,-0.01084959431784265
0.29684553727645757,-0.0068760908250044845,-0.011457397822701913
0.3062991057386855,-0.006861343093098196,-0.012068780533562827
0.29782885782393204,-0.009217557203503578,-0.010655765730540029
0.3037990056204271,-0.009242475386263289,-0.01015542293525286
0.3066616941397579,-0.007870862895149483,-0.010791468167714254
0.3037990056204271,-0.007118333981540909,-0.010832152808110701
0.2972235494898865,-0.009439717555989505,-0.01033343431818668
0.29400982600954656,-0.010689293874522368,-0.010851781897776603
0.30318367990785433,-0.009822260706224615,-0.0077284893363191625
0.309436972619966,-0.010546601345091064,-0.00779267211394599
0.30886137996260404,-0.01039732741711735,-0.010280334381981546
0.31079289894704004,-0.011249097871731398,-0.012695759534988244
0.30327552957170223,-0.008247465821932367,-0.011118082039077801
0.3057274955417922,-0.007504156660453764,-0.009763965849088979
0.3047444497593659,-0.005151774260026975,-0.010670198155269022
0.30339281506175125,-0.0028616459014285636,-0.010448066535114186
0.31577008539492757,-0.0012043903959598878,-0.008787792121657971
0.31565279990487854,-0.0002666421292943615,-0.008330265093075983
0.31606324768907124,-0.003600021611587841,-0.011431867853413376
0.30920307537402886,-0.007038070238994007,-0.010034306354864766
0.31656699150219114,-0.00637997659852027,-0.009974302781087095
0.30920307537402886,-0.004895890580971348,-0.010620456268799853
0.30920307537402886,-0.007772253519837111,-0.010883761774883762
0.31656699150219114,-0.006964325904234913,-0.011404456392260285
0.3090379305008596,-0.007906837032484267,-0.012507713778885928
0.3079743149995011,-0.00925033885776855,-0.011491157843638456
0.30813945987267033,-0.008452842673703442,-0.00906715939634291
0.3107241465742722,-0.007625943106281522,-0.00784559719887167
0.3181359220855548,-0.004872176034331935,-0.008112190514729577
0.30966053107291375,-0.0002894417324068367,-0.007515555958708398
0.3172557554045391,-0.0014669794382391058,-0.006155068888958134
0.30972669440320755,-0.001867833205739906,-0.006914313648695073
0.30970839045603404,0.00015330173614892822,-0.0025413506175955267
0.30970839045603404,-0.002872030640832387,-0.0028890268839849
0.32282028421430276,-0.0020781536824716245,-0.002482123473997675
0.32406077085201407,-0.0013980790649786375,-0.004017797598282432
0.32365032306782143,-0.0016336899701220968,-0.007690607651929436
0.32406077085201407,-0.0018004451324986268,-0.005809358302950468
0.3122012131231768,-0.0035888873596815352,-0.0056133718342395635
0.3114460666642059,-0.004752478365624402,-0.002751463971284787
0.3114460666642059,-0.005501561596788001,-0.005278515554912045
0.3110481966116249,-0.003149070185424219,-0.005392550950426004
0.3110481966116249,-0.003996815270976009,-0.007253807819401229
0.30391700566287433,-0.005138262955998551,-0.006039119672306111
0.3040821505360436,-0.004697956897818353,-0.005999869325822526
0.3090379305008596,-0.006150379251433613,-0.004998971945509461
0.3090379305008596,-0.0060694830190836544,-0.009044098033041936
0.3090379305008596,-0.005060266223796262,-0.008832987883819567
0.3164018466290219,-0.005114633189568872,-0.010397352345307085
0.3114460666642059,-0.005133053442848186,-0.008783720600185608
0.3164018466290219,-0.004024033627492344,-0.006332984040940978
0.3167394338598075,-0.001585993625713965,-0.007571158366309991
0.3167394338598075,-0.0024951226309258496,-0.006973957137291713
0.3088095432504507,-0.005306916446277067,-0.009264268127529876
0.30937551773164523,-0.00595554032793092,-0.010252190537915257
0.30198681222153556,-0.002472450329172257,-0.010483184161481415
0.30937551773164523,-0.0013348066950528955,-0.010978740882820411
0.31750950395871036,-0.0019250444804781986,-0.011769421537075333
0.30635125675126523,-0.0030163502578173613,-0.010671439477355263
0.30396619058909186,-0.00325832209036552,-0.011408038526561179
0.3060615289035999,-0.0025555395480009965,-0.010216769061395303
0.3064139623103738,-0.0019051287815908342,-0.011979770509752742
0.3199572756799924,-0.0008314365781087652,-0.00939194206295493
0.3187770484227458,-0.000222188339361463,-0.011258706780748466
0.31924442003768255,-0.0028396745921205682,-0.010278140589460022
0.3063182435441333,-0.001950674854867306,-0.010051756100817528
0.3165431215801926,-0.001260596046100686,-0.008637256247264156
0.30433886517657704,-0.003415340527966337,-0.008360305128787202
0.3033231090583388,-0.0038369107139172216,-0.010470408732470819
0.3021907411842125,-0.005756104519991346,-0.009776863730529451
0.3033231090583388,-0.0074263254562411405,-0.010085409806770715
0.3021907411842125,-0.005389982640953499,-0.009660314394050594
0.31511248889902527,-0.008199160750945978,-0.010106927118770453
0.3280522608977749,-0.007587601964492192,-0.0088327836472947
0.31714445888287607,-0.003582808314364962,-0.008892108557840141
0.33504915413157504,-0.005562624345148094,-0.010996418640541409
0.33837676097316316,-0.007257194047881744,-0.010850980847880063
0.3242986550030723,-0.0052301765262908525,-0.005566002433709798
0.33688281548709925,-0.007065731064040663,-0.007232558421536923
0.336906804948221,-0.006911207731969882,-0.00597343999134537
0.32647890153567477,-0.007016679604089478,-0.00831163447077235
0.33940507802922404,-0.005714553855044988,-0.007843247564388214
0.33904248962815164,-0.0060914132010966415,-0.008388220151970879
0.33904248962815164,-0.006846700050431556,-0.008986001729894114
0.32506230974498757,-0.008469816879006931,-0.008230290894059099
0.33359967508717353,-0.008095291117267438,-0.008593386514259447
0.32462268916666603,-0.008799133235038907,-0.007115364279964478
0.32069564225405967,-0.00895759165410274,-0.008434541050538393
0.33142327583540443,-0.008651494328304176,-0.008875407983319405
0.33384281766383705,-0.00865964301083083,-0.00822479227701153
0.319327138195374,-0.009274597046496856,-0.00960524816483822
0.3350833043015485,-0.00907007340840605,-0.010395296060026402
0.34056356082839495,-0.009264673487152021,-0.010586268708929652
0.342495079812831,-0.010800514448874012,-0.01138471586788596
0.34396400000049454,-0.0073405747061123135,-0.010182146396585363
0.3292404593736295,-0.009953328624171736,-0.01071199076973682
0.3335622331013051,-0.007049809878155211,-0.010996529427991368
0.3271702138955066,-0.006771625897670164,-0.010530684327691487
0.31249453265176186,-0.006475475030036006,-0.009804917508254858
0.32570129370784306,-0.008166586316544423,-0.01017905286043552
0.3235693481987292,-0.005223212917338239,-0.010937023235230312
0.31154820264045235,-0.008855682046148243,-0.010688926215794042
0.3060389329770963,-0.009110126883895878,-0.00918712119392192
0.30735086902344266,-0.002147601113862283,-0.012401696224240009
0.3226021429245495,-0.002833044393017228,-0.01092513046080437
0.32306742438657804,-0.00577471662702645,-0.009731679174309869
0.31634885021243786,-0.006100065889650806,-0.00908785485586879
0.3060389329770963,-0.006741985242766855,-0.010322647958843835
0.3051374447149424,-0.006225683230463969,-0.011014437615408398
0.3146485667490863,-0.005000961735586041,-0.011577184965418048
0.3050201592248934,-0.005912035474229268,-0.012294220161977417
0.30633209527123983,-0.003284370292913231,-0.012365380571969214
0.3073680241121743,-0.004236832518138143,-0.01169646770455734
0.30694942737510644,-0.0066912591691119915,-0.01139192795345103
0.3073598751592991,-0.0077837161535200036,-0.010858937354399415
0.30752502003246834,-0.0069778095003431035,-0.011093469986429572
0.30716243163139595,-0.006035567634121411,-0.009291180101958122
0.3077563282359315,-0.004443199852195506,-0.010579278548978072
0.3077563282359315,-0.003099010326347685,-0.009552618137141014
0.3217409771329516,-0.0050448172860368444,-0.009842628494154166
0.30789575738641595,-0.004665740458595939,-0.011436320888784476
0.3220302763891264,-0.0030134877142809903,-0.011380943022410458
0.3209870787531344,-0.005108195939672049,-0.011949262270017757
0.3091040998955772,-0.003550348988149081,-0.010917863547175612
0.3220302763891264,-0.0014339721313835808,-0.01095665554094718
0.3209870787531344,-0.003692350562428789,-0.010881682728179395
0.3065479857267703,-0.002859000889865918,-0.010593957376604042
0.32076958481470685,-0.004462713212070777,-0.01136899760432622
0.30718073557856956,-0.005918209304926587,-0.012016324285714424
0.3190315703075766,-0.004655428757968987,-0.01089458607588545
0.3190315703075766,-0.0012042437697415847,-0.012207897260753015
0.3194991752862067,-5.2950079170473664e-05,-0.011080184535546543
0.3134110274472644,-0.0011734188340116018,-0.011689609757702103
0.32483012744813056,-0.0022449542532597257,-0.009323139427454667
0.3118646919740397,-0.003486635204869794,-0.009249486875189186
0.3256893390957782,-0.0036635342253309123,-0.010562230248262935
0.31258195353687324,-0.0057658440610258935,-0.012045519680580815
0.33262674324756125,-0.005799328433919621,-0.011512502270002046
0.3285179709512941,-0.006052264754177366,-0.012040378353639405
0.3222960147756701,-0.006743775953382816,-0.011072346135021864
0.3210876722665088,-0.00020485492158034036,-0.010226900766585133
0.35009784417993955,0.0009241794692152554,-0.008614142208311032
0.35009784417993955,-0.0020697870052292858,-0.007169333351142919
0.33180487338024944,-0.0027685325267236788,-0.005712694617349431
0.33551805059923023,-0.002593338567457028,-0.00805252514657597
0.3347974571020057,-0.0022323986235421745,-0.008649642952518143
0.3346539781733566,-0.001955840721829096,-0.008743159176957
0.3346539781733566,-0.0037444919354037353,-0.0065695886491175266
0.3346539781733566,0.0008976202344346762,-0.006313779439453413
0.34086940625590945,-0.006647947471826191,-0.009420539837551957
0.34086940625590945,-0.006965405843987118,-0.006524784437568458
0.3423595897129437,-0.007799742563984751,-0.006676746782545342
0.339522363519273,-0.00716730901547675,-0.0036434740795749975
0.33998764498130163,-0.007022549024835579,-0.006986596229014762
0.34221779826205345,-0.009070872616710952,-0.0069333068155413135
0.3417731597228974,-0.009366596715053386,-0.00863999725869261
0.3440630217784896,-0.007313219862061408,-0.01082358617706997
0.3340065681860234,-0.003814944301033853,-0.004067124012416231
0.3340065681860234,-0.0009069076448839008,-0.006550694065063362
0.3327579484691959,-0.002962927520550696,-0.008210698158581404
0.3327579484691959,-0.005807610025592927,-0.0051200032330430325
0.3347376875403873,-0.005682267770002542,-0.006815809300991914
0.33514813532458,-0.00247935054819884,-0.00449931475743684
0.33620660772805083,0.0011190031107845193,-0.008068497309804665
0.33457254266721803,-0.0021292220199865476,-0.008163824001613378
0.33592088006763127,-0.0011194549095217938,-0.006399902241185361
0.3364486133418729,-0.0023956105608807297,-0.0107281945201838
0.3325074561607416,0.0016840135725419893,-0.010045369030570211
0.34243050094284,0.0030533575458982177,-0.01160877253520763
0.34243050094284,-8.972362240086798e-05,-0.01278352893124871
0.33168801803667153,-0.0037576369848444932,-0.008855564853325166
0.3302190978490079,-0.0016039632650372846,-0.01090633334845926
0.33334562809337653,-0.007071144882917634,-0.011298790207329835
0.33334562809337653,-0.006171507702873174,-0.010561476559142463
0.3334629135834255,-0.007633801132216333,-0.012178973436491896
0.33534228155528184,-0.010461498013681835,-0.012216328008983564
0.3263783248160894,-0.007117006774344194,-0.011765876835568921
0.3256004369751504,-0.009038479436841367,-0.011467122479818005
0.32756791764292686,-0.009020617836341017,-0.011951098602940585
0.32802622481023974,-0.009191727598170123,-0.013101615310806704
0.32731336916793,-0.008709481572610972,-0.012738559608075574
0.3273612285510503,-0.004563297189034059,-0.01279103055441866
0.32797836542711944,-0.007451232061490655,-0.012445715506377693
0.3559308224328547,-0.005720352780316582,-0.012706199532807971
0.3563709858937309,-0.0020822876198432058,-0.012175152723165425
0.35641884527685114,-0.005075280408906471,-0.011721008122464497
0.35641884527685114,-0.005875037383822176,-0.012717325503081387
0.3526116962214749,-0.0037490242557563043,-0.011793725779730783
0.35265955560459517,-0.005953082442418661,-0.010627609110912699
0.3518077722930008,-0.00490145459179652,-0.01040375800599622
0.3524912757741852,-0.006245065327111666,-0.010737125826077776
0.35372872798414295,-0.006414452927079564,-0.010524214447082698
0.31300767608854485,-0.0014711531407016181,-0.012119458067844096
0.31300767608854485,-0.0030816920128832956,-0.011921652384159251
0.3132389842920079,-0.005651110191450828,-0.011523720709893017
0.328219866476507,-0.004383210555380336,-0.008310056121626545
0.33656117879238623,-0.00288570570796254,-0.010449818266115261
0.33877813399502815,-0.004056242470363598,-0.00991424944663036
0.3730247777302688,-0.005244802560936153,-0.01198259982415164
0.3351997119403341,-0.0012003492641737513,-0.010427667075876527
0.36296958897106124,-0.001002474342942253,-0.012207150563156789
0.34124060827689434,0.003634076291321212,-0.01274381121395542
0.34864680193959297,-0.0021239864857073554,-0.013200127244467973
0.34881194681276223,-0.002606741217672371,-0.012352418558207432
0.34590883436040015,-0.00354247183885781,-0.011981189064509143
0.33477187829535077,-0.0028362134395872596,-0.011245041999861332
0.33477187829535077,-0.0005792174305473916,-0.01035940987362712
0.334467304271697,-0.004288698897705784,-0.012647072316088212
0.3348777520558896,-0.0013101614421277068,-0.013004664731468302
0.3348777520558896,-0.0038165389471285535,-0.011845595261177736
0.3126068464805195,-0.005013315945581164,-0.012863587334780144
0.3213645309403489,-0.008722959677124628,-0.012266573835847951
0.320788938282987,-0.006219752654339687,-0.012336224223318246
0.32214241878128785,-0.005832480405783075,-0.01289450815887104
0.3226304416252844,-0.005374876615277034,-0.012191094835424257
0.31511938718111254,-0.0016240924437006502,-0.011947291340136522
0.3152366726711615,-0.0023722773948685557,-0.012149717093459052
0.31511938718111254,-0.0004793067221204714,-0.012224812110326682
0.3213645309403489,-0.0015103620225065814,-0.008748146146176406
0.32083679766610723,-0.005008817926447225,-0.00903860177465412
0.3139609043819415,-0.006362658880895389,-0.009420049810880392
0.3144886376561831,-0.007870677758578132,-0.009777857219051389
0.31347288153794495,-0.006396086357736008,-0.00804033291202448
0.31347288153794495,-0.007380473486405227,-0.007525172160251415
0.33263533851870436,-0.00910213802604859,-0.008300929600856875
0.33263533851870436,-0.006307569206544412,-0.00840630470736736
0.33130584748152525,-0.0074572275399190265,-0.008755333942108512
0.3302518440919104,-0.0056864995044014046,-0.008616545346281552
0.33014212187134445,-0.007148722785575564,-0.007127634214600628
0.32148842513624815,-0.0044898535534166955,-0.007255278873374737
0.30569995139532774,-0.004407071705927865,-0.00750888375290535
0.3123950082263316,-0.00478380245645983,-0.006602372130518743
0.31296098877194994,-0.00027203162298757076,-0.007617195696852693
0.3112791824805958,-0.0018534736107894462,-0.007861485774880862
0.33028604799941697,-0.000568917769849182,-0.007541792843905614
0.3295366186334557,-0.0035924157238773325,-0.008336098809697509
0.3119353687517563,-0.006196008455480846,-0.00884605494070685
0.32977290715426805,-0.005201817149089014,-0.009444228608735806
0.322131091720464,-0.003344125598365346,-0.008997079082878806
0.3319353760487517,-0.003052196704695415,-0.01071349381590393
0.3444202170148992,-0.001908451506549231,-0.009195872158871613
0.34517411539471643,-0.00399329006260606,-0.009247694374411435
0.3176770408712869,-0.004536492792893982,-0.009340148202896852
0.31720732197446383,-0.0022456543953039677,-0.009554077840292946
0.3167968741902712,-0.0028405190024674972,-0.008802544509137752
0.31720732197446383,-0.0031593661849604764,-0.009351964772743738
0.33600363586880827,-0.006636690351233454,-0.006551135621689854
0.33600363586880827,-0.004105374802741312,-0.008691043542841758
0.33688380254982386,-0.0029809664149004073,-0.006297324397829746
0.3246451232326614,-0.004055982673984522,-0.0070784443562553565
0.3213723567034926,-0.0058191016222522915,-0.00827978907278227
0.3200460820818537,-0.0031371612221496674,-0.008535913685279901
0.33420674652691035,-0.0045387625791902635,-0.009179441827257113
0.32764427381914507,-0.0036445085578673906,-0.008679367173931323
0.3414564438934471,-0.004409033268472861,-0.009979350880658239
0.3346230847155944,-0.005818978610037613,-0.00942600384251897
0.3335822105962039,-0.0034353231181633516,-0.010387292537746836
0.3335822105962039,-0.005005103778115805,-0.009223093414262433
0.329074183252172,-0.0052551620908967735,-0.00935505205697748
0.329191468742221,-0.006367758456666068,-0.010208505350369526
0.32200669219478834,-0.005526274716689048,-0.01170760874875865
0.3359913410918084,-0.005444784928518167,-0.010770496596395686
0.3229601336500904,-0.006491952132253111,-0.010961083470370064
0.3314082821176864,-0.007172500658131029,-0.010662213913910687
0.3201061713701324,-0.007352240839993449,-0.009388694062287565
0.3042424764210868,-0.006350697364953957,-0.010839834836684496
0.31147521601700423,-0.006328630631482099,-0.010141843594292073
0.3132054055773553,-0.007238024951825341,-0.009566712429817655
0.3130528904498943,-0.0072712758348133875,-0.009004277826823483
0.3058082999072765,-0.008330311415454823,-0.008661175734505902
0.31310074983301456,-0.00568810312838998,-0.009728832390440846
0.3116236689134988,-0.004896923628900369,-0.009496717716394503
0.31211169175749537,-0.005968333768634784,-0.008765485050181274
0.3149100893373845,-0.006509988883929278,-0.008350019998253853
0.31033223166925206,-0.006380771065586331,-0.00792803545712397
0.3143742071102677,-0.006939171332637062,-0.005136898675006623
0.32021228236885774,-0.0036747485238524027,-0.003626395150037447
0.31996063919344503,-0.004002678760657952,-0.006076388183463023
0.31673712891226447,-0.004435179486987395,-0.007446885980981491
0.3213772309841323,-0.006159724568149768,-0.006733900907783778
0.3185984698012189,-0.005189907466957226,-0.008324982656854673
0.3118945495815653,-0.00395602789320441,-0.006053323694672848
0.32231477582230944,-0.0027240603491060955,-0.004675818894267348
0.32389424923801574,-0.005286600201280291,-0.00736390071586793
0.3255451668661307,-0.0053210994371582256,-0.007405314561247583
0.32283024018405976,-0.005247983390629999,-0.006726575308881303
0.32199793288616435,-0.007367749215861433,-0.007160549498488895
0.32215491702748145,-0.008182510863583778,-0.006829169922302808
0.3241159453297352,-0.0067706280804688225,-0.005682139693292422
0.32464367860397686,-0.005062773375995328,-0.006180993581017017
0.32558254200079734,-0.003479282886867244,-0.007196006976837764
0.3247361412702799,-0.004308512443556506,-0.008825546872269024
0.32236980828172096,-0.002249417074450957,-0.00790094438988505
0.32645641076796456,-0.002844061442237266,-0.008621322769572259
0.33538085417068575,-0.006583561122370401,-0.008570048749731838
0.3163997339807296,-0.006200971835505013,-0.008791070959535189
0.32517899519399146,-0.004505352253713408,-0.007729671244075598
0.327488493542894,-0.0029994467346244444,-0.009555002786934233
0.32700624044095417,-0.005779959142349607,-0.006266220247235326
0.3270249096012062,-0.004766918796505774,-0.008448770402994132
0.32836785246339084,-0.00402902732379929,-0.007016079387547075
0.3184868073149034,-0.006224149016582385,-0.007353096125597202
0.3184868073149034,-0.004827936430079787,-0.006913243920729857
0.31901454058914513,-0.0011878810575359116,-0.008788433912888942
0.31996376787893127,-0.0026614559217692365,-0.010585219194106897
0.32056330647092,-0.004135853025867519,-0.01076260596517186
0.3215369732979653,-0.006397613308932018,-0.010016848694162377
0.3480142889242767,-0.00628125293376867,-0.01086954685473304
0.3399472976958489,-0.0036510197020072155,-0.010383696024073828
0.3328509067563661,-0.003353589641547068,-0.010636959567505754
0.3293151539487457,-0.002809924041306462,-0.010057540647157474
0.32973939267326696,-0.0015355957044358905,-0.010295936903649086
0.33276200463573846,-0.0010138227428776953,-0.009938833561454356
0.31777445921821734,-0.00408655342310363,-0.011132211243580433
0.32027716366959086,-0.005457601092792391,-0.011560143429276049
0.3183224044136211,-0.004292669209346176,-0.009649848225634037
0.31581969996224757,-0.006769748950369507,-0.009597306676834727
0.3256907895556395,-0.005191943834751793,-0.009595008879003199
0.32647624998298613,-0.005077367970997625,-0.009639551409428019
0.3101503143491691,-0.003257111438819295,-0.009350918366071943
0.3101503143491691,-0.004554776298453665,-0.008691999283420434
0.3101503143491691,-0.006370078539151175,-0.009111047287640327
0.31085188433201,-0.007220133496238461,-0.0087755601331874
0.30797491645622627,-0.00689863877851614,-0.007141339390522815
0.3088255277012952,-0.006552376130993991,-0.006871458812280798
0.3088255277012952,-0.008206391321051996,-0.0076833886740013384
0.30866594880295084,-0.007754806394898805,-0.006544287747588668
0.3091539716469474,-0.006967412926135838,-0.008040331872089433
0.32619434072287745,-0.004083801579185318,-0.006852814252928839
0.3270097746653456,-0.003956842194819643,-0.008023590006606168
0.3270097746653456,-0.00380849321164507,-0.007316365233900315
0.3270097746653456,-0.0032487185234858214,-0.006789308488270451
0.31605816363184813,-0.003252105438071171,-0.0053536804825717755
0.3160581636318482,-0.003052756920520624,-0.005640237584243887
0.3189829908907521,-0.002854759174354495,-0.006044993301120932
0.3206390910355095,-0.004005957502351375,-0.008503195390177359
0.3211413716897609,-0.004400321905327115,-0.008019444841689666
0.3202525131733154,-0.004765499171704978,-0.00720415242540391
0.3210304010142543,-0.0035346684098708954,-0.007108804501108543
0.30686230329689135,-0.003915709064844401,-0.007261823385200709
0.3135557594698792,-0.004536796951280097,-0.008346083982262663
0.31284073766203285,-0.005963894222206361,-0.007554256280353112
0.32736582351832394,-0.0058873513739860685,-0.010056751205536224
0.33967385084352125,-0.0037199044371172317,-0.009790649402813696
0.33974374531056606,-0.0024055061514261645,-0.00987607539118841
0.3385032586728547,-0.0036001614053343747,-0.010442476675656308
0.3377882368650083,-0.003238006658305585,-0.009121657724297126
0.33744925528323977,-0.004453467380366089,-0.00798375962146533
